ID,店名,料理標籤,星級評分,營業時間,店家電話,地址,Google Map 網址,特約優惠,關鍵詞,介紹
1,豚勝鴨川,日式,4.5,"11:30-14:00, 17:00-20:30",03-437-0242,實踐路100號,https://maps.app.goo.gl/VgoMu7YFDUAgqrxe9,憑學生證9折,厚切炸豬排、生魚片、定食、咖哩、日式、午餐、晚餐,招牌厚切炸豬排定食，白飯高麗菜絲免費續
2,貓塢,義式,4.4,11:00-21:00,0907-300-920,實踐路225-12號,"https://www.google.com/maps/place/%E8%B2%93%E5%A1%A2/@24.9570872,121.2382906,17z/data=!4m15!1m8!3m7!1s0x3468230e3c4f055f:0xe668b196cb257c96!2z6LKT5aGi!8m2!3d24.957098!4d121.2382794!10e9!16s%2Fg%2F11fqy18k7x!3m5!1s0x3468230e3c4f055f:0xe668b196cb257c96!8m2!3d24.957098!4d121.2382794!16s%2Fg%2F11fqy18k7x?entry=ttu&g_ep=EgoyMDI2MDUwNi4wIKXMDSoASAFQAw%3D%3D",入場費折40元,貓咪、燉飯、鬆餅、炸物、義式,便宜的貓咖，有學生證低消只要90，飲料喝到飽 貓咪摸到爽
3,meow底加啦貓咪咖啡廳,輕食,4.7,11：00-21：00,03-466-6705,實踐路225號之15號,"https://www.google.com/maps/place/meow%E5%BA%95%E5%8A%A0%E5%95%A6%E8%B2%93%E5%92%AA%E5%92%96%E5%95%A1%E5%BB%B3/@24.9572005,121.2383821,17z/data=!3m1!4b1!4m6!3m5!1s0x346823716fe2a9c5:0x83054a47db919472!8m2!3d24.9572005!4d121.2383821!16s%2Fg%2F11l2nr8cps?entry=ttu&g_ep=EgoyMDI2MDUwNi4wIKXMDSoASAFQAw%3D%3D",點主餐即贈120元內飲料，若超過可以補差價,貓咪、燉飯、鬆餅、炸物、甜點、義式、輕食、下午茶,"平日無限時，低銷200，
七位主子歡迎大家一起來嚕貓"
4,樂野和風洋食屋,日式,4.5,"11:30-14:00, 17:00-20:30",03-438-3788,大仁五街31號,"https://www.google.com/maps/place/%E6%A8%82%E9%87%8E%E5%92%8C%E9%A2%A8%E6%B4%8B%E9%A3%9F%E5%B1%8B/@24.9562545,121.2403876,17z/data=!3m1!4b1!4m6!3m5!1s0x3468232e13da8c71:0x651276d476c99d44!8m2!3d24.9562545!4d121.2403876!16s%2Fg%2F11fm5dvws1?entry=ttu&g_ep=EgoyMDI2MDUwNi4wIKXMDSoASAFQAw%3D%3D",1.消費滿200元即贈脆薯乙份 2.飯類餐點免費升級大盛,咖哩、唐揚雞、炸物、蛋包飯、午餐、晚餐,以日式咖哩飯與奶油白醬飯為主，搭配炸物、蓋飯等和風口味結合。價格非常親切，對學生來說相當友善。
5,茶學苑 Tea Arts,手搖飲,4.7,10:30–19:30,03-465-7277,中北路185號,"https://www.google.com/maps/place/%E8%8C%B6%E5%AD%B8%E8%8B%91+Tea+Arts+%7C+%E4%B8%AD%E5%8E%9F%E5%BF%85%E5%96%9D%E7%9A%84%E9%A3%B2%E6%96%99%E5%BA%97%EF%BD%9C%E4%B8%AD%E5%8E%9F%E5%A4%A7%E5%AD%B8%EF%BD%9C%E9%A3%B2%E6%96%99%E6%8E%A8%E8%96%A6%EF%BD%9C%E4%B8%AD%E5%8E%9F%E5%A4%9C%E5%B8%82%EF%BD%9C%E9%A3%B2%E6%96%99%E5%A4%96%E9%80%81%EF%BD%9C%E6%A1%83%E5%9C%92%E4%B8%AD%E5%A3%A2%E6%89%8B%E6%90%96%E9%A3%B2%E6%96%99%E5%BA%97%EF%BD%9C/@24.9571959,121.2400079,17z/data=!3m1!4b1!4m6!3m5!1s0x3468223e27ce112d:0xdce6403657609c96!8m2!3d24.9571959!4d121.2400079!16s%2Fg%2F11f2snt0xp?entry=ttu&g_ep=EgoyMDI2MDUwNi4wIKXMDSoASAFQAw%3D%3D","凡出示學生證、教職員證即可享特約優惠~
| 1.雞蛋仔套餐組合，需購買50元以上飲品，現折15元（不集點）
2.原價40元以上飲品，加配料折扣5元（不集點）
3.購買60元含以上飲品，學生證免費加一種配料（任選）",飲料、奶茶、手搖飲,提供飲料種類繁多，價格親民。店內雖然空間不大，但氛圍輕鬆，黃白相間的設計顯眼，戶外有木棧道座位，適合小憩。特別的是他們不只販售飲料，還有販售現烤的雞蛋仔
6,慕森MuSen,輕食,4.7,09:00-17:00,0903-860-348,大仁五街45號,"https://www.google.com/maps/place/%E6%85%95%E6%A3%AEMuSen%EF%BC%88%E4%B8%AD%E5%8E%9F%E6%97%A9%E5%8D%88%E9%A4%90%2F%E4%B8%AD%E5%8E%9F%E7%BE%8E%E9%A3%9F%EF%BC%89%E3%80%8A%E6%8E%A8%E8%96%A6%E6%97%A9%E5%8D%88%E9%A4%90%E3%80%8B%E5%BF%85%E5%90%83%E6%97%A9%E5%8D%88%E9%A4%90%EF%BD%9C%E6%89%8B%E4%BD%9C%EF%BD%9C%E7%B2%BE%E7%B7%BB%EF%BD%9C%E5%AF%B5%E7%89%A9%E5%8F%8B%E5%96%84/@24.9565628,121.2401158,17z/data=!3m1!4b1!4m6!3m5!1s0x3468231637e034cf:0x2a44cbbd16723dd8!8m2!3d24.9565628!4d121.2401158!16s%2Fg%2F11ss3g0582?entry=ttu&g_ep=EgoyMDI2MDUwNi4wIKXMDSoASAFQAw%3D%3D",享全品項9折優惠（一張學生證或教職員工限折一份餐點）,拼盤、漢堡、飲料、早餐、午餐、早午餐、下午茶、輕食,主要販售早午餐，有拼盤、漢堡、米飯、飲品、甜點等等，每人低消為一杯飲料或餐點、不收服務費。
7,PAPAFUN趴趴樂,義式,4.8,11:00–21:00,0934-163-971,大仁五街53號,"https://www.google.com/maps/place/PAPAFUN%E8%B6%B4%E8%B6%B4%E6%A8%82%E3%83%91%E3%83%91%E6%A5%BD%E3%80%8C%E6%A1%83%E5%9C%92%E4%B8%AD%E5%A3%A2.%E5%88%A5%E7%84%A1%E5%88%86%E5%BA%97%E3%80%8D90%E5%88%86%E9%90%98%E8%87%AA%E5%8A%A9%E5%90%A7%E6%94%BE%E9%A1%8C/@24.9566868,121.239968,17z/data=!4m15!1m8!3m7!1s0x3442a9db572689c7:0xb0e514b21666bca0!2zUEFQQUZVTui2tOi2tOaoguODkeODkealveOAjOahg-WckuS4reWjoi7liKXnhKHliIblupfjgI05MOWIhumQmOiHquWKqeWQp-aUvumhjA!8m2!3d24.9566868!4d121.239968!10e9!16s%2Fg%2F11fq_swkrg!3m5!1s0x3442a9db572689c7:0xb0e514b21666bca0!8m2!3d24.9566868!4d121.239968!16s%2Fg%2F11fq_swkrg?entry=ttu&g_ep=EgoyMDI2MDUwNi4wIKXMDSoASAFQAw%3D%3D",.出示學生證及教職員證即可折10元，一張折一份（上述優惠不得與每日優惠同步使用）,義大利麵、燉飯、義式、午餐、晚餐,以太空為主題的裝潢設計相當吸睛，不僅點主餐享有冰淇淋吃到飽，單點濃湯、飲料或套餐也可無限續飲。餐點主打義大利麵、燉飯。
8,coco都可,手搖飲,4.8,10:30-21:45,03-436-0558,中北路139號,"https://www.google.com/maps/place/coco%E9%83%BD%E5%8F%AF-%E4%B8%AD%E5%A3%A2%E4%B8%AD%E5%8E%9F%E5%BA%97/@24.9568669,121.23906,17z/data=!3m1!4b1!4m6!3m5!1s0x346823003d2f5df9:0x5061afd2ddf4d246!8m2!3d24.9568669!4d121.23906!16s%2Fg%2F11wnc6zdpf?entry=ttu&g_ep=EgoyMDI2MDUwNi4wIKXMDSoASAFQAw%3D%3D",1.來店自取全品項單杯折5元 2.來店自取鮮奶系列第二杯半價（限同品項）3.外送滿200元即可送，享買5送1(折扣最低價品項）,飲料、奶茶、手搖飲,主打價格實惠的老字號手搖飲CoCo，招牌必喝百香雙響炮、奶茶三兄弟，還有鐵粉最愛的綠茶養樂多
9,美焦咖啡,輕食,4.6,12:00-19:00,0972-402-688,實踐路80巷10號,"https://www.google.com/maps/place/%E7%BE%8E%E7%84%A6%E5%92%96%E5%95%A1/@24.9556541,121.2412739,17z/data=!4m15!1m8!3m7!1s0x346823177e57b993:0xf750fb922205aaa3!2z576O54Sm5ZKW5ZWh!8m2!3d24.9556403!4d121.241288!10e9!16s%2Fg%2F11hwfy23mf!3m5!1s0x346823177e57b993:0xf750fb922205aaa3!8m2!3d24.9556403!4d121.241288!16s%2Fg%2F11hwfy23mf?entry=ttu&g_ep=EgoyMDI2MDUwNi4wIKXMDSoASAFQAw%3D%3D",憑中原大學學生證，外帶飲品加甜點折40元的折扣（備註：不與其他任何優惠共用）,甜點、咖啡、飲料、輕食、下午茶,韓式簡約且帶有點文青風的環境有著靜謚的氛圍。店內不限時，只有客滿時才有 1.5H的用餐時間限制。提供咖啡、鮮奶茶、氣泡飲，也有吐司和手作甜點。
10,醉人餐酒館,餐酒館,4.8,21:00-04:00,0916-716-788,實踐路225-15號,"https://www.google.com/maps/place/%E9%86%89%E4%BA%BA%E9%A4%90%E9%85%92%E9%A4%A8+%7C+%E6%9A%A2%E9%A3%B2%E5%90%A7+%7C+%E5%85%A7%E6%9C%89%E8%B2%93%E5%92%AA/@24.9571973,121.2383709,17z/data=!3m1!4b1!4m6!3m5!1s0x34682332ec1917e3:0x7c183e8e9c805151!8m2!3d24.9571973!4d121.2383709!16s%2Fg%2F11l2b_8m38?entry=ttu&g_ep=EgoyMDI2MDUwNi4wIKXMDSoASAFQAw%3D%3D",1.平日暢飲9折，四折成行招待炸物拼盤乙份 2.假日及特殊假期，三人成行招待炸物拼盤乙份,飲料、酒、調酒、餐酒館、貓咪,擁有貓咪坐檯，調酒暢飲不限時還可以帶外食享用，店內有提供桌遊。
11,中原可可熊,早餐店,4.3,06:00-14:00,03-463-2029,新中北路423號,"https://www.google.com/maps/place/%E4%B8%AD%E5%8E%9F%E5%8F%AF%E5%8F%AF%E7%86%8A/@24.9587489,121.2441959,17z/data=!3m1!4b1!4m6!3m5!1s0x34681f1000000001:0xff9c88a724efc1d7!8m2!3d24.9587489!4d121.2441959!16s%2Fg%2F1tdkvdsz?entry=ttu&g_ep=EgoyMDI2MDUwNi4wIKXMDSoASAFQAw%3D%3D",單點滿80元折扣5元，以此類推,漢堡、飲料、傳統早餐店、早餐、早午餐、,主打高CP值超值套餐50元起，還有30多種精選套餐可以選擇，不管是漢堡、吐司、蛋餅、可頌還是鐵板麵味道都不錯
12,歐亞諾烘焙坊,麵包坊,3.8,08:00-22:30,03-466-0991,實踐路46號,https://www.google.com/maps?cid=15957108644769494168,出示學生證及教職員證享有蛋糕、麵包95折優惠,麵包、蛋塔,試吃給的很大方，有些學校的學生還會有優惠價，對學生族群真的是很親切的店家。麵包種類眾多，也可訂製蛋糕樣式。
13,上等冰 綠豆沙牛奶,手搖飲,4.4,17:00-22:00,03-465-0006,實踐路91巷2-1號,"https://www.google.com/maps/place/%E4%B8%8A%E7%AD%89%E5%86%B0+%E7%B6%A0%E8%B1%86%E6%B2%99%E7%89%9B%E5%A5%B6+%EF%BC%8C5%E6%9C%88%E6%AF%8F%E9%80%B1%E6%97%A5%E5%85%AC%E4%BC%91/@24.954831,121.2412471,17z/data=!3m1!4b1!4m6!3m5!1s0x34682308745398eb:0xedf9cf90db98e860!8m2!3d24.954831!4d121.2412471!16s%2Fg%2F11hzyytynw?entry=ttu&g_ep=EgoyMDI2MDUwNi4wIKXMDSoASAFQAw%3D%3D",麵線每份折扣5元,綠豆沙、冰沙、飲料、大腸麵線、肉圓、中原夜市,主力的綠豆沙牛奶、麵線系列、肉圓都是限量!綠豆沙為每天新鮮製作的甜度，擁有綿密細緻的口感和濃郁豆香味。還有特色小吃，魷魚王麵線，料多豐富鮮美
14,天地咖哩Daddy's Curry(中原店),日式,4.8,"11:30-14:00, 17:00-20:30",03-465-0500,實踐路278號,"https://www.google.com/maps/place/%E5%A4%A9%E5%9C%B0%E5%92%96%E5%93%A9Daddy's+Curry(%E4%B8%AD%E5%8E%9F%E5%BA%97)/@24.9582819,121.2392837,17z/data=!3m1!4b1!4m6!3m5!1s0x346823becad64039:0x4cec13b9677a3068!8m2!3d24.9582819!4d121.2392837!16s%2Fg%2F11shz2bjsj?entry=ttu&g_ep=EgoyMDI2MDUwNi4wIKXMDSoASAFQAw%3D%3D","凡出示學生證、教職員證即可享特約優惠～
​
|憑學生證
每週一的「大一學生」
每週二的「大二學生」
每週三的「大三學生」
每週四的「大四學生」
五年級以後的週一到週日都有份
「凡外帶任咖哩飯一份」皆可1元加購
「獨門炸餃4顆＋任意茶飲1杯」
​
|每週五凡出示學生證
加購A、B、C任一款套餐
第一份 加購99元
第二份 加購49元！
第三份 加購29元！
第四份 只要加購1元！！
滿四份再送可樂餅兩塊！！
​
白飯、咖喱飯、熱湯可免費加一次！",咖哩、炸物、午餐、晚餐、日式,店內座位不多，都是以吧台座為主。咖喱有分日式咖喱、泰式咖喱兩種，餐點內的飯、咖哩、湯都可以免費續加，除外還有炸物小點心可以搭配。每人低消為一份主餐、客滿時用餐時間40分鐘。多數人推薦招牌薯條。
15,晨食司控,早餐店,4.5,07:00-15:00,無,大仁街36號,"https://www.google.com/maps/place/%E6%99%A8%E9%A3%9F%E5%8F%B8%E6%8E%A7%2F%E4%B8%AD%E5%A3%A2%E7%BE%8E%E9%A3%9F%2F%E9%A4%90%E5%BB%B3%2F%E6%97%A9%E5%8D%88%E9%A4%90%2F%E5%90%90%E5%8F%B8%E7%9B%92%E5%B0%88%E8%B3%A3%2F%E6%A1%83%E5%9C%92%E7%BE%8E%E9%A3%9F%E6%8E%A8%E8%96%A6/@24.9563904,121.2408746,17z/data=!3m1!4b1!4m6!3m5!1s0x3468235ff610cf3d:0x8a01d29147d4385f!8m2!3d24.9563904!4d121.2408746!16s%2Fg%2F11fn9dv25n?entry=ttu&g_ep=EgoyMDI2MDUwNi4wIKXMDSoASAFQAw%3D%3D",團隊訂購主餐吐司搭配飲品，滿二十組送一組,吐司、早餐、早午餐,熱門IG打卡美食，料多到滿出來的韓系吐司盒子，好吃又好拍。外酥內軟的丹麥吐司，搭配滿滿內餡。
16,亞米秀義式坊 原街坊117,義式,4.5,10:50-21:30,03-438-1999,中北路117號,"https://www.google.com/maps/place/%E4%BA%9E%E7%B1%B3%E7%A7%80%E7%BE%A9%E5%BC%8F%E5%9D%8A+%E5%8E%9F%E8%A1%97%E5%9D%8A117/@24.9567749,121.238478,17z/data=!3m1!4b1!4m6!3m5!1s0x3468223e35ccdb3d:0x4d939818dd1386f6!8m2!3d24.9567749!4d121.238478!16s%2Fg%2F11c32pn1yk?entry=ttu&g_ep=EgoyMDI2MDUwNi4wIKXMDSoASAFQAw%3D%3D",1.來店出示學生證或教職員證，消費兩個主餐以上送任選30元飲品擇一 2.來店出示學生證或教職員證，來店消費四個主餐以上送任選45元飲品擇一,義大利麵、燉飯、焗烤、義式、午餐、晚餐,披薩有滿滿的起司流淌，賣相誘人。義大利麵可選直麵或螺旋麵。焗烤給了大量的起司，看起來十分過癮。以起司為名的餐點，起司都給得不手軟。
17,阿尼基美式餐廳 ,美式,4.5,11:30-20:30,0966-787-543,大仁二街13號,"https://www.google.com/maps/place/%E9%98%BF%E5%B0%BC%E5%9F%BA%E7%BE%8E%E5%BC%8F%E9%A4%90%E5%BB%B3+%E4%B8%AD%E5%A3%A2%E5%BA%97%EF%BC%88%E6%9C%80%E5%BE%8C%E5%87%BA%E9%A4%90%E6%99%82%E9%96%9319:30/@24.9546169,121.242425,17z/data=!4m15!1m8!3m7!1s0x34682214e297e491:0x274fceb79c7999d!2z6Zi_5bC85Z-6576O5byP6aSQ5buzIOS4reWjouW6l--8iOacgOW-jOWHuumkkOaZgumWkzE5OjMw!8m2!3d24.9546169!4d121.242425!10e2!16s%2Fg%2F11bwm6xvfk!3m5!1s0x34682214e297e491:0x274fceb79c7999d!8m2!3d24.9546169!4d121.242425!16s%2Fg%2F11bwm6xvfk?entry=ttu&g_ep=EgoyMDI2MDUwNi4wIKXMDSoASAFQAw%3D%3D",全品項89折優惠，優惠不得與其他活動併用,漢堡、義大利麵、炸物、午餐、晚餐,在地深耕已超過10年依舊屹立不搖，不定時舉辦大胃王比賽會吸引滿多YOUTUBER前來。選擇豐富，除了主推的漢堡之外，還有開胃菜、沙拉、義大利麵、燉飯、飲品。
18,大嗑蔬菜蛋餅,早餐店,4.1,07:00-14:30,0979-700-138,弘揚路71號,https://maps.app.goo.gl/1xYqJNjtVTgDxqVs6,來店用餐點選炸物或蔬菜套餐可免費升級大杯紅茶,蛋餅、漢堡、早餐、午餐,主打現點現煎口感酥脆的大份量鐵鍋起司蔬菜蛋餅，蛋餅口味選擇多，價格落在60元到95元之間，除了蛋餅之外，其他還有鐵板煎吐司、花生醬沙拉漢堡、香蔥捲餅以及炒麵。
19,漢城韓式料理 ,韓式,4.2,11:00-21:00,03-438-7922,實踐路225-25號,"https://www.google.com/maps/place/%E6%BC%A2%E5%9F%8E%E9%9F%93%E5%BC%8F%E6%96%99%E7%90%86+%EF%BD%9C%E6%AF%8F%E9%80%B1%E5%9B%9B%E3%80%81%E9%80%B1%E5%85%AD%E5%BA%97%E4%BC%91/@24.957473,121.2387143,17z/data=!3m1!4b1!4m6!3m5!1s0x3468223e3c4c0edb:0x457e8d66658b353b!8m2!3d24.957473!4d121.2387143!16s%2Fg%2F1tjgy2z1?entry=ttu&g_ep=EgoyMDI2MDUwNi4wIKXMDSoASAFQAw%3D%3D",1.出示學生證，送韓式小菜 2.四人以上烤肉吃到飽送石鍋拌飯,韓式、拌飯、鍋物、麵、年糕、午餐、晚餐,餐點有飯類、麵類、鍋類、其他和烤肉類，麵飯類和鍋類的價格落在100元到150元之間。這裡也有提供烤肉無限量吃到飽，價格為269元/每人。店內有提供海帶湯和飲料喝到飽
20,麻浦園,韓式,4.4,"11:30-14:00, 17:00-20:30",03-436-2487,實踐路225之22號,"https://www.google.com/maps/place/%E9%BA%BB%E6%B5%A6%E5%9C%92%EF%BC%88%E9%80%B1%E4%BA%8C%E5%BA%97%E4%BC%91%EF%BC%89/@24.9573901,121.2385568,17z/data=!3m1!4b1!4m6!3m5!1s0x3468223e3da2afaf:0x9aed7f2fea584198!8m2!3d24.9573901!4d121.2385568!16s%2Fg%2F1tk1kqv8?entry=ttu&g_ep=EgoyMDI2MDUwNi4wIKXMDSoASAFQAw%3D%3D",出示證件折10元,韓式、拌飯、鍋物、麵、烏龍麵、年糕、午餐、晚餐,單價平民，飲料無限供應，推燒肉飯、麻浦定食、部隊鍋（單人的）。五花肉套餐，附上小菜跟小的鍋類可以吃超飽的。
21,韓雞飢韓式炸雞專門店,韓式,3.3,11:30-03:00,0916-678-934,實踐路130號,"https://www.google.com/maps/place/%E9%9F%93%E9%9B%9E%E9%A3%A2%E9%9F%93%E5%BC%8F%E7%82%B8%E9%9B%9E%E5%B0%88%E9%96%80%E5%BA%97-%E4%B8%AD%E5%8E%9F%E5%A4%9C%E5%B8%82%E7%B8%BD%E5%BA%97/@24.9562685,121.2400499,17z/data=!3m1!4b1!4m6!3m5!1s0x3468232f098442c9:0x82672412fc00ec85!8m2!3d24.9562685!4d121.2400499!16s%2Fg%2F11h71gzm37?entry=ttu&g_ep=EgoyMDI2MDUwNi4wIKXMDSoASAFQAw%3D%3D",凡至店內消費130元以上餐點，於IG限時動態上標註韓雞肌中原店，可折10元（每則限動折乙份）。,炸雞、韓式炸雞、年糕、韓式,店家賣無骨雞腿肉、帶骨雞翅、小棒腿、炸年糕、起司拉麵年糕、拉麵年糕、起司年糕和辣炒年糕。特色為起司給量不手軟。
22,粉紅蛙仙草奶凍之家,甜品,4.5,14:30-22:30,03-466-8059,力行北街127號1樓,"https://www.google.com/maps/place/%E7%B2%89%E7%B4%85%E8%9B%99%E4%BB%99%E8%8D%89%E5%A5%B6%E5%87%8D%E4%B9%8B%E5%AE%B6/@24.955983,121.2380408,17z/data=!3m1!4b1!4m6!3m5!1s0x3468223fb9e21b23:0x199db8f078cd82ad!8m2!3d24.955983!4d121.2380408!16s%2Fg%2F1tjcm5z9?entry=ttu&g_ep=EgoyMDI2MDUwNi4wIKXMDSoASAFQAw%3D%3D","凡出示學生證、教職員證即可享特約優惠～
​
|頂級霜淇淋折10元（每一證限購一支）
|帝王仙草奶凍折10元（每一證限購一杯）
|黑糖剉冰（自選4種料）折5元（每一證限購一碗）
|冰熱純濃紅豆湯折5元（每一證限購一碗）
|桂冠大湯圓甜湯（每碗有5顆桂冠大湯圓）折5元（每一證限購一碗）
！冬至元宵當日恕不折扣！",冰品、甜點、水果汁，飲料、豆花、仙草凍、湯圓,"店家主打的飲品＆甜品是：綜合仙草凍和帝王仙草奶凍。品項除了仙草奶凍系列外，
還有剉冰、豆花類、粉圓類、水果茶類、果汁類...等，選擇相當相當多，價位則是一般庶民冰店的價格。"
23,孫東寶台式牛排教父 中壢日新店,台式,4,11:00-22:30,03-438-0102,日新路31號,"https://www.google.com/maps/place/%E5%AD%AB%E6%9D%B1%E5%AF%B6%E5%8F%B0%E5%BC%8F%E7%89%9B%E6%8E%92%E6%95%99%E7%88%B6+%E4%B8%AD%E5%A3%A2%E6%97%A5%E6%96%B0%E5%BA%97/@24.9543599,121.2387011,17z/data=!3m1!4b1!4m6!3m5!1s0x3468237c392b4175:0x791b49cc543c3dd7!8m2!3d24.9543599!4d121.2387011!16s%2Fg%2F11h0lr3ymg?entry=ttu&g_ep=EgoyMDI2MDUwNi4wIKXMDSoASAFQAw%3D%3D",消費滿300元送炸物二選一（雞塊、薯條）或餐包兩顆，滿600送兩份，滿900元送三份，以此類推。,牛排、午餐、晚餐,品項有牛排、豬排、魚排、雞排、雙拼、鐵板麵和加點（冰淇淋、可樂和炸薯條等）等，選擇多內用飲料（紅茶與柳橙汁）無限暢飲，玉米濃湯可以喝到飽，濃湯相當濃稠。
24,肉次方 燒肉放題 中壢元化店,日式,4.9,11:00-23:30,03-433-1767,元化路245號2樓,https://www.google.com/maps?cid=5891219085408729371,至門店消費套餐，贈送「薄切鴨胸」乙份,燒肉、牛肉、吃到飽、午餐、晚餐,最低只要598元起就能燒肉吃到飽，特選牛舌和軟Q的橫膈膜以及超長昇龍牛也是必點。自助吧不僅有蔬菜烤物、漬物小菜、日式洋蔥牛丼、韓式拌飯、飲料、DIY聖代也通通任你選。
25,洋城義大利餐廳-中壢大全聯店,義式,4.7,11:00-22:00,03-416-2898,中北路二段468號B1,"https://www.google.com/maps/place/%E6%B4%8B%E5%9F%8E%E7%BE%A9%E5%A4%A7%E5%88%A9%E9%A4%90%E5%BB%B3-%E4%B8%AD%E5%A3%A2%E5%A4%A7%E5%85%A8%E8%81%AF%E5%BA%97/@24.9541501,121.2346419,17z/data=!3m1!4b1!4m6!3m5!1s0x346823434e89f7b7:0x7b5c0c304acd3230!8m2!3d24.9541501!4d121.2346419!16s%2Fg%2F11ry2r9fpt?entry=ttu&g_ep=EgoyMDI2MDUwNi4wIKXMDSoASAFQAw%3D%3D",來店出示學生證或教職員證可享現金九折，刷卡九五折。,義大利麵、燉飯、焗烤、義式、午餐、晚餐,平易近人的價格。主要販售義大利麵、燉飯、焗烤飯麵、比薩等。提供的餐點相當多元，可以選擇單點式升級套餐，吃得非常飽足。
26,火漂火辣麻辣食堂－泡椒酸菜魚/螺螄粉/酸辣粉/麻辣臭豆腐/麻辣鴨血,中式,4.9,"11:30-14:00, 17:00-21:30",無,實踐路257號,"https://www.google.com/maps/place/%E7%81%AB%E6%BC%82%E7%81%AB%E8%BE%A3%E9%BA%BB%E8%BE%A3%E9%A3%9F%E5%A0%82%EF%BC%8D%E6%B3%A1%E6%A4%92%E9%85%B8%E8%8F%9C%E9%AD%9A%2F%E8%9E%BA%E8%9E%84%E7%B2%89%2F%E9%85%B8%E8%BE%A3%E7%B2%89%2F%E9%BA%BB%E8%BE%A3%E8%87%AD%E8%B1%86%E8%85%90%2F%E9%BA%BB%E8%BE%A3%E9%B4%A8%E8%A1%80/@24.9581959,121.239154,17z/data=!3m1!4b1!4m6!3m5!1s0x346823ea358175a9:0x5c5d52facd5e4153!8m2!3d24.9581959!4d121.239154!16s%2Fg%2F11tnl_6tj0?entry=ttu&g_ep=EgoyMDI2MDUwNi4wIKXMDSoASAFQAw%3D%3D",1.小菜第二份折20元 2.享附餐白飯免費續飯、飲料無限暢飲,螺絲粉、酸辣粉、酸菜魚、麵、午餐、晚餐,主打酸、辣、麻、香等獨特口感。不管是酸辣粉、螺螄粉、臭豆腐鴨血通通有。每一個餐點口味都可以客製化，想要多少麻度、辣度通通都可以挑整，非常友善。
27,NO.5 CAFE,輕食,4.6,10:00-18:00,0968-080-026,甘肅二街5號,"https://www.google.com/maps/place/NO.5+CAFE/@24.9530049,121.2349429,17z/data=!3m1!4b1!4m6!3m5!1s0x3468236a6e9557f9:0xc02709ea1337a50e!8m2!3d24.9530049!4d121.2349429!16s%2Fg%2F11wr635ny0?entry=ttu&g_ep=EgoyMDI2MDUwNi4wIKXMDSoASAFQAw%3D%3D",1.凡消費即享9折優惠 2.加入會員首次消費獲得30元優惠卷 3.每次消費滿100元可累積1點，200元累積2點，以此類推（1點可折抵10元，每次消費最高可折5點） (備註：不與其他任何優惠共用）,茶、甜點、咖啡、飲料、輕食、下午茶,店內提供咖啡、飲品、甜點外，也有提供輕食的選項，輕食分量不手軟。
28,禾果田現打果汁,果汁,5,11:00-23:00,0919-130-684,新中北路227號,"https://www.google.com/maps/place/%E7%A6%BE%E6%9E%9C%E7%94%B0%E7%8F%BE%E6%89%93%E6%9E%9C%E6%B1%81/@24.9590834,121.2394393,17z/data=!3m1!4b1!4m6!3m5!1s0x3468230047f8f43f:0x2c4d3b658bf8f3e3!8m2!3d24.9590834!4d121.2394393!16s%2Fg%2F11y5s8l3gv?entry=ttu&g_ep=EgoyMDI2MDUwNi4wIKXMDSoASAFQAw%3D%3D",購買3杯飲品即可享有10元優惠（飲品價格不限價位）（備註：不與其他任何優惠共用）,冰沙、果汁、飲料,這裡的果汁真的濃到太誇張，完全沒有加水稀釋過的口感，每一口都是實打實的果肉纖維。如果不想吃水果又想補點營養，這杯絕對是首選。
29,燒肉 崎森燒肉,燒烤,4.6,"11:30-16:00, 17:00-23:00",0971-662-365,中山東路一段336-5號二樓,"https://www.google.com/maps/place/%E7%87%92%E8%82%89+%E5%B4%8E%E6%A3%AE%E7%87%92%E8%82%89/@24.9540463,121.2358674,17z/data=!3m1!4b1!4m6!3m5!1s0x3468239c74158aa5:0xd989caac0c9eb69b!8m2!3d24.9540463!4d121.2358674!16s%2Fg%2F11w900qgh4?entry=ttu&g_ep=EgoyMDI2MDUwNi4wIKXMDSoASAFQAw%3D%3D",1.享95折優惠 2.四人(含)以上享9折優惠,燒肉、牛肉、自助吧、午餐、晚餐,燒肉控的新選擇，價位相當親民，夏季平日只要399元起，就能開吃８～10種牛、豬、雞肉，還有各式各樣的小菜、蔬菜、湯品、咖哩飯、牛肉、飲料等自助吧通通無限吃到飽。
30,沫沫生乳捲專門店 Mò Mò Patisserie,甜品,4.6,14:00-21:00,03-437-8701,大勇一街26號,https://www.google.com/maps?cid=4624334024696310811,憑學生證、教職證來店消費不限品項即享95折優惠（備註：不與其他任何優惠共用）,生乳捲、甜點、茶、咖啡,招牌鮮乳生乳捲，滿滿的內餡整體滿濕潤不乾，奶油吃起來也不膩、不死甜，這個口味是店家熱賣的前三名之一，也是最經典的口味。
31,路邊烤肉WildBBQ 桃園中原店（桃園中壢區必吃宵夜／中壢平價美食串燒推薦／桃園家庭聚餐餐廳推薦）,燒烤,4.9,17:00-00:00,0921-500-069,中北路182號,"https://www.google.com/maps/place/%E8%B7%AF%E9%82%8A%E7%83%A4%E8%82%89WildBBQ+%E6%A1%83%E5%9C%92%E4%B8%AD%E5%8E%9F%E5%BA%97%EF%BC%88%E6%A1%83%E5%9C%92%E4%B8%AD%E5%A3%A2%E5%8D%80%E5%BF%85%E5%90%83%E5%AE%B5%E5%A4%9C%EF%BC%8F%E4%B8%AD%E5%A3%A2%E5%B9%B3%E5%83%B9%E7%BE%8E%E9%A3%9F%E4%B8%B2%E7%87%92%E6%8E%A8%E8%96%A6%EF%BC%8F%E6%A1%83%E5%9C%92%E5%AE%B6%E5%BA%AD%E8%81%9A%E9%A4%90%E9%A4%90%E5%BB%B3%E6%8E%A8%E8%96%A6%EF%BC%89/@24.9570792,121.2399327,17z/data=!4m15!1m8!3m7!1s0x346823d0e160e105:0xc63426b58ef03ec5!2z6Lev6YKK54Ok6IKJV2lsZEJCUSDmoYPlnJLkuK3ljp_lupfvvIjmoYPlnJLkuK3lo6LljYDlv4XlkIPlrrXlpJzvvI_kuK3lo6LlubPlg7nnvo7po5_kuLLnh5LmjqjolqbvvI_moYPlnJLlrrbluq3ogZrppJDppJDlu7PmjqjolqbvvIk!8m2!3d24.9569972!4d121.2399743!10e9!16s%2Fg%2F11wbfmh2pz!3m5!1s0x346823d0e160e105:0xc63426b58ef03ec5!8m2!3d24.9569972!4d121.2399743!16s%2Fg%2F11wbfmh2pz?entry=ttu&g_ep=EgoyMDI2MDUwNi4wIKXMDSoASAFQAw%3D%3D",來店消費憑學生證可兌換煉乳烤麻糬乙份（備註：不與其他任何優惠共用）,烤肉、酒、串燒、晚餐、宵夜,推薦蘋果豬五花及蒜酥雞腿排。蘋果豬五花將蘋果烤軟，蘋果的清香搭配豬五花的油潤，兩者綜合在一起，將豬五花的油膩感有效消除，吃起來口齒留香，非常過癮。
32,軟蛋醬 蛋包飯專門製作所 桃園中原店,日式,5,"11:00-13:30, 16:30-21:00",0928-999-740,新中北路131號,"https://www.google.com/maps/place/%E8%BB%9F%E8%9B%8B%E9%86%AC+%E8%9B%8B%E5%8C%85%E9%A3%AF%E5%B0%88%E9%96%80%E8%A3%BD%E4%BD%9C%E6%89%80+%E6%A1%83%E5%9C%92%E4%B8%AD%E5%8E%9F%E5%BA%97/@24.9581825,121.237746,17z/data=!3m1!4b1!4m6!3m5!1s0x3468230641792923:0x26682fee8f0c2677!8m2!3d24.9581825!4d121.237746!16s%2Fg%2F11xd9q45yz?entry=ttu&g_ep=EgoyMDI2MDUwNi4wIKXMDSoASAFQAw%3D%3D",1.贈送30元飲料一杯或起司一片，不限外帶或內用 2.於Google評論五星好評及追蹤店家IG帳號，送50克的舒肥雞肉乙份,咖哩、蛋包飯、午餐、晚餐,一份蛋包飯竟有八種口味任你選，而且通通只要 $139！
33,SaltMate鹹夥伴,甜品,4.8,13:00-20:00,0976-200-351,中山路324號,"https://www.google.com/maps/place/SaltMate%E9%B9%B9%E5%A4%A5%E4%BC%B4-%E4%B8%AD%E5%A3%A2%E5%B9%B3%E5%83%B9%E9%BB%9E%E5%BF%83%7C%E7%94%9C%E9%BB%9E%E6%8E%A8%E8%96%A6%7C%E7%84%A1%E9%BA%A9%E8%B3%AA%E9%9B%9E%E8%9B%8B%E7%B3%95%7C%E5%9C%A8%E5%9C%B0%E6%8E%A8%E8%96%A6%E9%BB%9E%E5%BF%83%7C%E8%94%AC%E9%A3%9F%E9%BB%9E%E5%BF%83%7C%E5%BF%85%E5%90%83%E4%B8%8B%E5%8D%88%E8%8C%B6%7C%E6%9C%83%E8%AD%B0%E6%B4%BB%E5%8B%95%E8%8C%B6%E9%BB%9E%E6%8E%A8%E8%96%A6%7C%E9%B9%B9%E5%9C%88%E5%9C%88%7C%E5%8D%88%E6%99%9A%E9%A4%90/@24.9567103,121.2202289,17z/data=!3m1!4b1!4m6!3m5!1s0x3468237c89e9f751:0xb7d5d923fae6aec7!8m2!3d24.9567103!4d121.2202289!16s%2Fg%2F11ybxc8ry8?entry=ttu&g_ep=EgoyMDI2MDUwNi4wIKXMDSoASAFQAw%3D%3D",1.單價60元以上品項均享95折優惠 2.單次購買150元享總價10元折扣,甜甜圈、雞蛋糕、甜點,甜甜圈的外型，鹹口味的內在，天然餡料營養豐富。老闆放料不手軟，料多好實在。無麩質配方，不含麵粉，麩質過敏體質可用。
34,小螺莉螺螄粉 - 柳州螺螄粉 | 武漢熱乾麵｜東北麻辣燙 | 中原美食,中式,4.9,11:30-22:00,0919-261-220,實踐路138號,"https://www.google.com/maps/place/%E5%B0%8F%E8%9E%BA%E8%8E%89%E8%9E%BA%E8%9E%84%E7%B2%89+-+%E6%9F%B3%E5%B7%9E%E8%9E%BA%E8%9E%84%E7%B2%89+%7C+%E6%AD%A6%E6%BC%A2%E7%86%B1%E4%B9%BE%E9%BA%B5%EF%BD%9C%E6%9D%B1%E5%8C%97%E9%BA%BB%E8%BE%A3%E7%87%99+%7C+%E4%B8%AD%E5%8E%9F%E7%BE%8E%E9%A3%9F/@24.956089,121.240069,17z/data=!3m1!4b1!4m6!3m5!1s0x346823ffcc7b2caf:0xedb9f3761a3f12e9!8m2!3d24.956089!4d121.240069!16s%2Fg%2F11y6hv7f0d?entry=ttu&g_ep=EgoyMDI2MDUwNi4wIKXMDSoASAFQAw%3D%3D",1.二話不說：整單95折 2.快樂時光：平日下午兩點到四點，點主餐送炸蛋 3.歡樂派對：四人同行招待四兄弟拼盤一份 （備註：以上優惠擇一使用，不可與其他優惠同時使用）,螺絲粉、麵、午餐、晚餐,主打由重慶老闆娘親自熬製的真螺肉湯頭，酸辣夠味、湯頭濃郁。其特色包括內用免費加湯加粉、提供蠟筆小新手機架等貼心服務，是當地熱門的「嗦粉」地點。
35,潘許先生 無心飲控俱樂部 PIGGY OUT CLUB,中式,4.9,11:30-19:30,0971-896-271,大仁二街18號之6,"https://www.google.com/maps/place/%E6%BD%98%E8%A8%B1%E5%85%88%E7%94%9F+%E7%84%A1%E5%BF%83%E9%A3%B2%E6%8E%A7%E4%BF%B1%E6%A8%82%E9%83%A8+PIGGY+OUT+CLUB/@24.9546618,121.2427675,17z/data=!3m1!4b1!4m6!3m5!1s0x3468232cb4aecec3:0x38ab66833374c389!8m2!3d24.9546618!4d121.2427675!16s%2Fg%2F11kpwmx5nv?entry=ttu&g_ep=EgoyMDI2MDUwNi4wIKXMDSoASAFQAw%3D%3D",1. 消費滿200元送35元飲品 2.滿千享95折優惠,油飯、涼麵、漢堡、午餐、晚餐,充滿文青幽默感的創意台式餐廳，以獨家研發的「肉抱油飯」聞名，將香噴噴的油飯包裹在紮實肉餅中，再搭配招牌雞白四神湯與靈魂辣椒醬，打造出讓人暫時拋開減肥壓力、大口享受美食的療癒空間。
36,有飲 Youin 創意飲品-中壢中原店,手搖飲,3.6,11:00-21:30,03-283-0089,實踐路132號,https://www.google.com/maps?cid=11154688526113014953,1.消費即享95折優惠 2.配料折抵5元 3.每週五可享純茶系列第二杯半價,飲料、奶茶、手搖飲,「有飲 Youin」主打復古懷舊與新鮮水果風味，特色包含椪糖奶霜系列、優格飲（優優）及清新果茶。必喝推薦包括粉紅泡泡草莓優優、椪糖奶霜紅茶、檸檬綠茶啵啵
37,Nimes尼姆複合式餐飲,義式,4.7,15:00-22:00,03-466-5128,三和三街18號,https://www.google.com/maps?cid=17449399285960255781,凡至店內用餐，點一份主餐（義大利麵類）打卡或Google評論，即贈小圓鬆餅一份，當日送完為止。（優惠備註：點餐時出示學生證並告知，一張學生證，贈送一份小圓鬆餅）,義大利麵、燉飯、焗烤、義式、午餐、晚餐,隱身中原巷弄，Nimes 尼姆 以溫馨鄉村風義式料理聞名。這裡不僅提供份量十足的義大利麵、燉飯及專業素食餐點，更有獨特的命理諮詢服務。無論是想飽餐一頓，還是想與好友聚餐、享受寵物友善的午後，尼姆都能帶給你最療癒的複合式用餐體驗。
38,兩把火干鍋,中式,4.4,11:30-21:00,0975-109-949,大仁五街43號,"https://www.google.com/maps/place/%E5%85%A9%E6%8A%8A%E7%81%AB%E5%B9%B2%E9%8D%8B/@24.9565875,121.2401908,17z/data=!4m15!1m8!3m7!1s0x346821a0bf45a265:0x6958edfeb808095!2z5YWp5oqK54Gr5bmy6Y2L!8m2!3d24.9565338!4d121.2401286!10e9!16s%2Fg%2F11nxt9xbxm!3m5!1s0x346821a0bf45a265:0x6958edfeb808095!8m2!3d24.9565338!4d121.2401286!16s%2Fg%2F11nxt9xbxm?entry=ttu&g_ep=EgoyMDI2MDUwNi4wIKXMDSoASAFQAw%3D%3D",無,干鍋、炸物、午餐、晚餐,以「香、麻、辣」三重風味挑戰味蕾極限，並巧妙融合台式風味，每一道干鍋皆採用新鮮食材，經過精湛技法與特製醬料翻炒，香氣四溢、層次豐富。從經典口味到創新搭配，每一口都能感受到用心與創意，是愛好重口味與地道料理饕客的必訪之選。
39,蹭秤中壢中原店-豚骨，麻辣燙，海味，宵夜酒吧,中式,4.8,"11:00-14:00, 17:00-02:00",03-456-0035,實踐路146號1樓,"https://www.google.com/maps/place/%E8%B9%AD%E7%A7%A4%E4%B8%AD%E5%A3%A2%E4%B8%AD%E5%8E%9F%E5%BA%97-%E8%B1%9A%E9%AA%A8%EF%BC%8C%E9%BA%BB%E8%BE%A3%E7%87%99%EF%BC%8C%E6%B5%B7%E5%91%B3%EF%BC%8C%E5%AE%B5%E5%A4%9C%E9%85%92%E5%90%A7/@24.9565688,121.2395905,17z/data=!3m1!4b1!4m6!3m5!1s0x3468233e05f91d35:0xc149015fec86aa91!8m2!3d24.9565688!4d121.2395905!16s%2Fg%2F11xsrr4cdh?entry=ttu&g_ep=EgoyMDI2MDUwNi4wIKXMDSoASAFQAw%3D%3D",1.罐裝啤酒九折2.滿低消麵食自選一免費送 3.週三生啤酒買三送一 4.週五生啤酒買五送一（備註：第三、四項優惠不與第一項共用，須擇一使用）,麻辣燙、午餐、晚餐、宵夜,「想吃什麼就夾什麼」，琳瑯滿目的菜色任你挑，搭配上店內濃郁的湯頭和自由的選擇方式，讓每個人都能依照自己的喜好拼湊出專屬的餐點，不論是一個人，還是好友聚餐，這裡都能滿足，最特別的是，店內是夜店風格設計，燈光氛圍酷炫，加上有海尼根生啤酒機
40,中原叭噗（綿綿冰）,甜品,5,12:00-20:30,0975-919-795,新中北路372號,"https://www.google.com/maps/place/%E4%B8%AD%E5%8E%9F%E5%8F%AD%E5%99%97%EF%BC%88%E7%B6%BF%E7%B6%BF%E5%86%B0%EF%BC%89/@24.9587978,121.2427139,17z/data=!3m1!4b1!4m6!3m5!1s0x3468237def27d39b:0xcf014766af857678!8m2!3d24.9587978!4d121.2427139!16s%2Fg%2F11xl5y7dm5?entry=ttu&g_ep=EgoyMDI2MDUwNi4wIKXMDSoASAFQAw%3D%3D",享三球折十元之優惠,綿綿冰、冰淇淋、甜點,純手工天然原料綿綿冰，無化學添加，多種口味，任您挑選
41,Mabana restaurant(入口在大仁五街),美式,4.8,16:00-02:00,0976-831-619,中北路180號2樓,"https://www.google.com/maps/place/Mabana+restaurant(%E5%85%A5%E5%8F%A3%E5%9C%A8%E5%A4%A7%E4%BB%81%E4%BA%94%E8%A1%97)/@24.9569474,121.239771,17z/data=!3m1!4b1!4m6!3m5!1s0x34682301c931c823:0x44d524ed0384c953!8m2!3d24.9569474!4d121.239771!16s%2Fg%2F11xzh5l16l?entry=ttu&g_ep=EgoyMDI2MDUwNi4wIKXMDSoASAFQAw%3D%3D","凡出示學生證、教職員證即可享特約優惠～
|兩人同行贈可樂乙杯
| 四人同行打 9 折
| 六人同行贈炸物拼盤乙份
| 八人同行打 85 折
| 包場 3 小時原價 5000 打8折",咖哩、炸物、蛋包飯、古巴三明治、晚餐、宵夜,以高 CP 值的美式風味與舒適的沙發空間著稱，不僅提供招牌古巴三明治、紅酒燉肉及多樣炸物，近期更推出五百多元的「全品項吃到飽」方案，營業至凌晨兩點且環境寵物友善。
42,EMO勒戒所,餐酒館,5,21:00-04:00,0973-934-979,日新路94-1號屈臣氏後巷子內B1,"https://www.google.com/maps/place/EMO%E5%8B%92%E6%88%92%E6%89%80/@24.9551886,121.2400643,17z/data=!4m15!1m8!3m7!1s0x34682316e21fad5d:0x3f82e92d6cd351b5!2zRU1P5YuS5oiS5omA!8m2!3d24.9550557!4d121.2401834!10e9!16s%2Fg%2F11krkf7_7b!3m5!1s0x34682316e21fad5d:0x3f82e92d6cd351b5!8m2!3d24.9550557!4d121.2401834!16s%2Fg%2F11krkf7_7b?entry=ttu&g_ep=EgoyMDI2MDUwNi4wIKXMDSoASAFQAw%3D%3D","凡出示學生證、教職員證即可享四人同行送一份炸物任選
（雞塊、雞球、薯條）",飲料、酒,是個很神秘的酒吧，酒類可以暢飲，也可以唱歌，氣氛佳。老板十分外向健談。
43,上癮食板屋,韓式,4.6,"11:00-14:00, 17:00-21:00",0958-840-012,實踐路225-20號柏德美食廣場1樓,https://www.google.com/maps?cid=10525831893662347764,凡出示學生證、教職員證即可享內用外帶主餐享9折優惠,鍋物、韓式拉麵、炸物、午餐、晚餐,平價鐵板簡餐與鍋物店，以特色麻奶湯頭、高品質平價鐵板燒及高 CP 值大份量。招牌包含濃郁「麻奶海鮮湯Q麵」與多種鐵板套餐，店內不僅有飲料喝到飽，還能看到老闆養的可愛陸龜。
44,AMICO餐酒館,餐酒館,4.8,18:00-02:00,03-466-8900,中北路111號2樓,"https://www.google.com/maps/place/AMICO%E9%A4%90%E9%85%92%E9%A4%A8/@24.9567557,121.2384677,17z/data=!3m1!5s0x3468223e35b44cd5:0x1f266d4606b619d3!4m15!1m8!3m7!1s0x3468223e362103c5:0xf4b95f2eb6b79850!2zQU1JQ0_ppJDphZLppKg!8m2!3d24.9567557!4d121.2384677!10e9!16s%2Fg%2F12hkbf1p7!3m5!1s0x3468223e362103c5:0xf4b95f2eb6b79850!8m2!3d24.9567557!4d121.2384677!16s%2Fg%2F12hkbf1p7?entry=ttu&g_ep=EgoyMDI2MDUwNi4wIKXMDSoASAFQAw%3D%3D",出示學生證及教職員證享平日全品項9折，價全品項95折,異國料理、炸物、烤肉、飲料、酒,以其獨特的「暢飲方案」與高品質「異國料理」聞名的二樓隱藏版餐酒館。這裡的氛圍介於時尚與溫馨之間，非常適合朋友聚會、情侶約會，甚至是獨自小酌。
45,KIND FOOD 健康廚房 桃園中原店,台式,4.5,"11:00-15:00, 17:00-20:00",03-466-3515,大仁五街41號,https://www.google.com/maps?cid=8539279255507811110,出示學生證及教職員證享有餐盒全品項95折,健康餐、盒飯、便當、午餐、晚餐,主打以舒肥低溫烹調手法處理主食，並選用原型食物搭配低負擔的橄欖油與粉紅岩鹽，是健身族與外食族追求營養均衡的熱門選擇。
46,玩逗樹咖啡-中原店,輕食,4.8,11:00-23:30,0965-443-992,新中北路526號,"https://www.google.com/maps/place/%E7%8E%A9%E9%80%97%E6%A8%B9%E5%92%96%E5%95%A1-%E4%B8%AD%E5%8E%9F%E5%BA%97/@24.9574561,121.2456508,17z/data=!4m15!1m8!3m7!1s0x3468239412694a23:0x7d4069d6a0312a85!2z546p6YCX5qi55ZKW5ZWhLeS4reWOn-W6lw!8m2!3d24.9570722!4d121.245429!10e5!16s%2Fg%2F11mwsh32gg!3m5!1s0x3468239412694a23:0x7d4069d6a0312a85!8m2!3d24.9570722!4d121.245429!16s%2Fg%2F11mwsh32gg?authuser=0&entry=ttu&g_ep=EgoyMDI2MDUwNi4wIKXMDSoASAFQAw%3D%3D",享九折優惠,咖哩、桌遊、輕食、午餐、晚餐,是一間結合桌遊、咖啡與酒吧的複合式景觀餐廳，平日不限時且提供插座，適合辦公讀書；週末則提供豐富桌遊與美味餐點，適合好友或家庭聚餐。
47,白毛炭烤,燒烤,4.8,18:30-03:30,0906-467-111,協同街54號,"https://www.google.com/maps/place/%E7%99%BD%E6%AF%9B%E7%82%AD%E7%83%A4+%E4%B8%AD%E5%8E%9F%E5%BA%97+%E6%99%9A%E9%A4%90%26%E5%AE%B5%E5%A4%9C+%7C%E5%8F%B0%E5%BC%8F%E7%82%AD%E7%83%A4%7C%E5%95%A4%E9%85%92/@24.9540899,121.2365119,17z/data=!3m1!4b1!4m6!3m5!1s0x346823b830abd24b:0x46a52d54cf60dd68!8m2!3d24.9540851!4d121.2390868!16s%2Fg%2F11xycqx27k?authuser=0&entry=ttu&g_ep=EgoyMDI2MDUwNi4wIKXMDSoASAFQAw%3D%3D","凡出示學生證、教職員證即可享特約優惠~
｜全炭烤品項一律95折
｜消費滿300免費贈送紅茶一杯，其餘飲品需貼補5-10元差價
｜酒品內用外帶一律8折",烤物、晚餐、宵夜 、台式炭烤、啤酒,白毛阿伯碳烤是桃園內壢地區的老字號宵夜，創立於1978年，擁有超過45年歷史。以木炭碳烤與特製鹹甜醬汁聞名。招牌包括雞心、雞皮、豆干、甜不辣、蔥肉串等。
48,Cool Gi CEO厚切雞排-內壢店,炸物,4.7,15:00-23:00,0982-088-399,中華路一段608號,"https://www.google.com/maps/place/Cool+Gi+CEO%E5%8E%9A%E5%88%87%E9%9B%9E%E6%8E%92-%E5%85%A7%E5%A3%A2%E5%BA%97/@24.9697041,121.2483431,17z/data=!3m1!4b1!4m6!3m5!1s0x346823a9eb96aeb3:0x9c607b3c8dfb318!8m2!3d24.9696993!4d121.250918!16s%2Fg%2F11vcw68q4g?authuser=0&entry=ttu&g_ep=EgoyMDI2MDUwNi4wIKXMDSoASAFQAw%3D%3D","凡出示學生證、教職員證即可享特約優惠~
｜單點厚切雞排第二片9折
｜消費滿299元贈送一份隨機小炸物(價值30元）",雞排、炸物、飲料、晚餐、宵夜,主打現點現炸、鮮嫩多汁的厚切雞排與香氣十足的蔥炒炸物，是當地人氣極高的點心首選。除了招牌雞軟骨大方加入大量新鮮蔥花外，店內也提供黑糖珍珠鮮奶等飲品搭配成超值套餐。
49,大觀x小弄,甜品,4.6,12:00-18:00,0912-814-203,環中東路708巷136號,"https://www.google.com/maps/place/%E5%A4%A7%E8%A7%80x%E5%B0%8F%E5%BC%84/@24.9550218,121.2413965,17z/data=!3m1!4b1!4m6!3m5!1s0x34682214f45c1af1:0x75f729d4d9672e9e!8m2!3d24.955017!4d121.2439714!16s%2Fg%2F11clsdwvxx?authuser=0&entry=ttu&g_ep=EgoyMDI2MDUwNi4wIKXMDSoASAFQAw%3D%3D","凡出示學生證、教職員證即可享特約優惠~
|飲料折20元",茶、甜點、咖啡、飲料、下午茶,「大觀x小弄」是藏身桃園中壢「大觀園」廢墟巷弄內的超人氣老宅甜點店，由青年改建 40 年代舊宿舍而成，主打限量手作千層與生乳酪蛋糕，以極致隱密的「迷路」特色與溫馨氛圍著稱，是中原商圈極具指標性的隱藏版午茶去處。
50,鼎鍋物,火鍋,4.9,11:30-22:00,0900-037-438,中山東路一段336號2F,"https://www.google.com/maps/place/%E9%BC%8E%E9%8D%8B%E7%89%A9+%E4%B8%AD%E5%A3%A2%E4%B8%AD%E5%8E%9F%E5%BA%97/@24.9546968,121.2335532,17z/data=!4m15!1m8!3m7!1s0x346823f7f4de5e61:0xb808ae1490e9cba2!2z6byO6Y2L54mpIOS4reWjouS4reWOn-W6lw!8m2!3d24.954692!4d121.2361281!10e1!16s%2Fg%2F11mknzn4zp!3m5!1s0x346823f7f4de5e61:0xb808ae1490e9cba2!8m2!3d24.954692!4d121.2361281!16s%2Fg%2F11mknzn4zp?authuser=0&entry=ttu&g_ep=EgoyMDI2MDUwNi4wIKXMDSoASAFQAw%3D%3D","凡出示學生證、教職員證即可享特約優惠～
​
|每一鍋物折價20元
|贈送一份梅花豬肉片捲
（一張學生證折抵一份餐點）",火鍋、午餐、晚餐,主打平價精緻、具備自助吧吃到飽的個人小火鍋店。該店鄰近中原商圈，主打現點現切的優質肉品、特色湯底（如牛奶鍋、剝皮辣椒），提供白飯、飲品、冰沙、點心等免費吃到飽的歡樂自助吧。
51,餵 湯泡飯（中原店）,日式,4.7,11:30-22:30,0989-240-658,實踐路125號,"https://www.google.com/maps/place/%E9%A4%B5+%E6%B9%AF%E6%B3%A1%E9%A3%AF%EF%BC%88%E4%B8%AD%E5%8E%9F%E5%BA%97%EF%BC%89/@24.9558002,121.2376771,17z/data=!3m1!4b1!4m6!3m5!1s0x346823b33cfe4f05:0x782cdb925ff83b44!8m2!3d24.9557954!4d121.240252!16s%2Fg%2F11khjhq4f0?authuser=0&entry=ttu&g_ep=EgoyMDI2MDUwNi4wIKXMDSoASAFQAw%3D%3D",全面95折（限現金支付）,湯泡飯、麵、鍋燒意麵、午餐、晚餐,以主打特色湯頭與「湯泡飯」為核心的文青風餐廳，高品質的湯底與高 CP 值，受大學生與家庭客喜愛，店家最引以為傲的是其用心熬煮的三款特色湯頭，顧客可以根據喜好自由搭配主食（白飯、烏龍麵、雞絲麵、粿仔條等）
52,就那個布朗尼,甜品,4.8,12:00-21:00,0902-020-260,大仁三街21號,"https://www.google.com/maps/place/%E5%B0%B1%E9%82%A3%E5%80%8B%E5%B8%83%E6%9C%97%E5%B0%BCthe+one+brownies/@24.9554836,121.2392754,17z/data=!3m1!4b1!4m6!3m5!1s0x346823386af787a3:0x3f6a57172820d88c!8m2!3d24.9554788!4d121.2418503!16s%2Fg%2F11yjvtnqsc?authuser=0&entry=ttu&g_ep=EgoyMDI2MDUwNi4wIKXMDSoASAFQAw%3D%3D",凡消費滿100元得以雙倍集點,布朗尼、蛋糕、甜點,是一間位於桃園中原商圈的知名手工甜點工作室（地址：中壢區大仁三街21號），以單獨包裝、口味豐富的精緻布朗尼著名。主打口感濕潤、不甜膩，提供各式手作布朗尼與乳酪蛋糕，適合下午茶與送禮。
53,海底撈火鍋 桃園統領店,火鍋,4.6,11:00-04:00,03-332-1608,桃園區中正路61號夜間入口在中華路側全家便利商店右邊小路進來8樓,"https://www.google.com/maps/place/%E6%B5%B7%E5%BA%95%E6%92%88%E7%81%AB%E9%8D%8B+%E6%A1%83%E5%9C%92%E7%B5%B1%E9%A0%98%E5%BA%97/@24.9911801,121.3097692,17z/data=!3m2!4b1!5s0x34681efcc221bda1:0xd5f8fd2d3c61b2e8!4m6!3m5!1s0x34681f5af74ef0ef:0x9e90abcc2fe089db!8m2!3d24.9911753!4d121.3123441!16s%2Fg%2F11fb1fxqnd?authuser=0&entry=ttu&g_ep=EgoyMDI2MDUwNi4wIKXMDSoASAFQAw%3D%3D","｜平日(即非假日)(星期六及星期日)，結帳享全店88折優惠價；假日結帳享全店菜品95折優惠價(以上均不含鍋底/酒水/醬料等)。
｜憑中原大學學生證，且學生證需為本人持有並由本人到場方可使用，不得借用或轉界他人使用證件。
｜不定期推出獨家限定款商品組合優惠價/優惠券等，所有優惠不得同時使用。",火鍋、午餐、晚餐、宵夜,以「極致桌邊服務」與特色川味火鍋聞名，特色包括免費美甲、按摩椅、兒童遊戲區、川劇變臉表演、撈麵秀，且不限用餐時間。餐點採單點制（含半份選項），必點包括番茄鍋、撈派滑牛肉、招牌蝦滑，營業至凌晨，是知名的宵夜好去處。
54,元氣十盅/台G店創始店,中式,4.4,11:00-23:00,03-283-0676,力行北街27號,"https://www.google.com/maps/place/%E5%85%83%E6%B0%A3%E5%8D%81%E7%9B%85%2F%E5%8F%B0G%E5%BA%97%E5%89%B5%E5%A7%8B%E5%BA%97/@24.9538423,121.2374651,17z/data=!3m1!4b1!4m6!3m5!1s0x3468223fe5e5037b:0xfb03a2479d74d6b!8m2!3d24.9538375!4d121.24004!16s%2Fg%2F11g_lg96z?authuser=0&entry=ttu&g_ep=EgoyMDI2MDUwNi4wIKXMDSoASAFQAw%3D%3D","｜凡點一份套餐招待
(麥香系列飲品/小菜-豆干/小菜-豆包/小菜-毛豆/小菜-雞胗/炸物-搖搖雞球原味/炸物-搖搖雞球辣味)
擇一
｜真空包裝系列料理優惠3包500元",飯、麵、雞湯、湯、午餐，晚餐,將新鮮的食材製作成美味湯品供客人品嚐，食材，品質衛生，老闆娘都親力親為，嚴格把關！把她最愛的美味雞湯與客人分享幸福的味道！
55,這是你的Chill box 餐酒館,餐酒館,4.8,17:00-01:00,0917-695-882,大仁五街2號,"https://www.google.com/maps/place/%E9%80%99%E6%98%AF%E4%BD%A0%E7%9A%84Chill+box+%E9%A4%90%E9%85%92%E9%A4%A8/@24.9561432,121.2383992,17z/data=!3m1!4b1!4m6!3m5!1s0x3468237550a35f79:0x173812a70e4417ac!8m2!3d24.9561384!4d121.2409741!16s%2Fg%2F11q536bynj?authuser=0&entry=ttu&g_ep=EgoyMDI2MDUwNi4wIKXMDSoASAFQAw%3D%3D","｜調酒暢飲 799 /人
｜啤酒暢飲 599 /人
｜暢飲不限時，把調酒師喝倒，下次來再送一盤!",義大利麵、牛排、酒、西餐、晚餐、宵夜,一間從下午就開店，一路營業至凌晨3點的餐酒館，主打午後餐酒館的風格，提供吧台座位，不論是白天臨時起意想找人微醺一下，還是深夜一個人突然想吃個排餐，到這都能滿足你的需求。
56,冒大仙冒菜麻辣燙 中壢中原店,中式,4.5,16:00-23:30,03-465-0600,弘揚路80號,"https://www.google.com/maps/place/%E5%86%92%E5%A4%A7%E4%BB%99%E5%86%92%E8%8F%9C%E9%BA%BB%E8%BE%A3%E7%87%99+%E4%B8%AD%E5%A3%A2%E4%B8%AD%E5%8E%9F%E5%BA%97/@24.9536746,121.2388321,17z/data=!3m1!4b1!4m6!3m5!1s0x3468233f2e6b45bb:0xdb65f214b71c5ade!8m2!3d24.9536698!4d121.241407!16s%2Fg%2F11y0p4vr5q?authuser=0&entry=ttu&g_ep=EgoyMDI2MDUwNi4wIKXMDSoASAFQAw%3D%3D","｜免費贈（二選一）15元飲料、王子麵
｜消費滿200元贈牛肉片/豬肉片30g",冒菜、麻辣燙、晚餐,新中式特色餐飲，也是火鍋型態的新式冒菜，鮮材與好料、勁爆的味道、良好的口碑、周到的服務就是冒大仙不斷攀升的力量之源。
57,吳二哥花雕雞中原店,中式,4.9,16:30-01:00,03-436-6003,環中東路842之1號1樓號,"https://www.google.com/maps/place/%E5%90%B3%E4%BA%8C%E5%93%A5%E8%8A%B1+%E9%9B%95%E9%9B%9E+(%E4%B8%AD%E5%8E%9F%E5%BA%97)+%E3%80%8A%E6%8E%A8%E8%96%A6%E9%A4%90%E5%BB%B3%E3%80%8B%E7%BE%8A%E8%82%89%E7%88%90%E7%86%B1%E7%82%92%EF%BD%9C%E7%86%B1%E9%96%80%E9%A4%90%E5%BB%B3%EF%BD%9C%E6%A1%8C%E8%8F%9C%EF%BD%9C%E8%81%9A%E9%A4%90%EF%BD%9C%E6%AF%8D%E8%A6%AA%E7%AF%80%E8%81%9A%E9%A4%90%EF%BD%9C%E7%AF%80%E6%97%A5%E8%81%9A%E9%A4%90%EF%BD%9C%E6%85%B6%E7%A5%9D%E5%AA%BD%E5%AA%BD%E7%AF%80/@24.9533493,121.2401492,17z/data=!3m1!4b1!4m6!3m5!1s0x346823e4da444ab3:0xba55c9f1881d3453!8m2!3d24.9533445!4d121.2427241!16s%2Fg%2F11w1khczmv?authuser=0&entry=ttu&g_ep=EgoyMDI2MDUwNi4wIKXMDSoASAFQAw%3D%3D","｜ 整單95折優惠
｜ 每筆結帳單贈送【小時候奶茶一壺(約3-4人份)】
｜ 白飯+5元多一件(每人最多加購2碗)
以上優惠不得與其他優惠活動併用",湯鍋、羊肉爐、熱炒、熱門餐廳、桌菜、聚餐、晚餐、宵夜,以『乾鍋』型式，【一鍋兩吃】的吃法，帶給客人們獨特的用餐體驗！邊吃邊煮還有服務生不時的與客人閒話家常、分享喜怒哀樂
58,麻辣天后炒香鍋-中壢實踐店,中式,4.6,16:30-23:30,0911-805-112,實踐路218號,"https://www.google.com/maps/place/%E9%BA%BB%E8%BE%A3%E5%A4%A9%E5%90%8E%E7%82%92%E9%A6%99%E9%8D%8B-%E4%B8%AD%E5%A3%A2%E5%AF%A6%E8%B8%90%E5%BA%97/@24.9572141,121.2366912,17z/data=!3m1!4b1!4m6!3m5!1s0x34682326ac01e6c5:0x22f7e8a7187faeb3!8m2!3d24.9572093!4d121.2392661!16s%2Fg%2F11rfmvrbwy?authuser=0&entry=ttu&g_ep=EgoyMDI2MDUwNi4wIKXMDSoASAFQAw%3D%3D",｜ 消費滿200元送炸餃子1份（不與其他優惠併用）,滷味、麻辣香鍋、晚餐,炒的麻辣鍋---原汁原味引進的銷魂川味！豐富配料+多樣口味+秘製醬料，​比鹹酥雞更香辣、比滷味更帶勁，翻轉你的味蕾饗宴！
59,柒拾巷豆花,甜品,4.8,12:00-22:00,無,實踐路68號,無,消費滿百送原味仙草凍,豆花、甜點,以口感綿密、豆香濃郁的傳統手作豆花聞名，特色是冰豆花會搭配黑糖冰沙。配料選擇豐富，特別推薦Q彈的芋圓與綿密紅豆，整體風格清爽。
60,麻辣天后炒香鍋-中壢新生店,中式,4.6,"11:00-13:30, 16:30-23:30",0975-661-880,新生路291號,"https://www.google.com/maps/place/%E9%BA%BB%E8%BE%A3%E5%A4%A9%E5%90%8E%E7%82%92%E9%A6%99%E9%8D%8B-%E4%B8%AD%E5%A3%A2%E6%96%B0%E7%94%9F%E5%BA%97/@24.9639566,121.2204041,17z/data=!3m1!4b1!4m6!3m5!1s0x3468238d495a6beb:0x3bca8ca4640add24!8m2!3d24.9639518!4d121.222979!16s%2Fg%2F11q99z51jg?authuser=0&entry=ttu&g_ep=EgoyMDI2MDUwNi4wIKXMDSoASAFQAw%3D%3D","消費滿200元送炸餃子一份
｜（不與其他優惠併用）",滷味、麻辣香鍋、晚餐,炒的麻辣鍋---原汁原味引進的銷魂川味！豐富配料+多樣口味+秘製醬料，比鹹酥雞更香辣、比滷味更帶勁，翻轉你的味蕾饗宴！
61,三餐公社 中原早午晚餐/盒飯,早午餐,4.8,"10:00-14:30, 17:00-19:00",0988-891-161,實踐路70巷7號,"https://www.google.com/maps/place/%E4%B8%89%E9%A4%90%E5%85%AC%E7%A4%BE+%E4%B8%AD%E5%8E%9F%E6%97%A9%E5%8D%88%E6%99%9A%E9%A4%90%2F%E7%9B%92%E9%A3%AF/@24.9554187,121.2387856,17z/data=!4m15!1m8!3m7!1s0x3468231c49dc70d3:0xb63779c40ba58e3c!2z5LiJ6aSQ5YWs56S-IOS4reWOn-aXqeWNiOaZmumkkC_nm5Lpo68!8m2!3d24.9554139!4d121.2413605!10e2!16s%2Fg%2F11y05sly1h!3m5!1s0x3468231c49dc70d3:0xb63779c40ba58e3c!8m2!3d24.9554139!4d121.2413605!16s%2Fg%2F11y05sly1h?authuser=0&entry=ttu&g_ep=EgoyMDI2MDUwNi4wIKXMDSoASAFQAw%3D%3D","3:00-16:00下午時光 四人同行一人免費
｜13:30-16:30 消費滿120元折抵10元（限內用）",咖哩、盒飯、漢堡、午餐,餐點選擇多樣，提供從西式早午餐（漢堡、吐司、蛋餅、捲餅）到中式便當、飲料、套餐等應有盡有餐點選擇多樣、價格平實。 
62,Traveler Bar 酒杯旅人,酒吧,4.8,20:30-03:00,0973-380-037,實踐路80巷15號,"https://www.google.com/maps/place/Traveler+%E9%85%92%E6%9D%AF%E6%97%85%E4%BA%BA%7C%E4%B8%AD%E5%8E%9F%E7%AC%AC%E4%B8%80%E5%AE%B6%E6%B2%99%E7%81%98%E9%85%92%E5%90%A7%7C%E5%B0%8F%E5%9E%8B%E5%8C%85%E5%A0%B4%E6%AD%A1%E8%BF%8E%E9%9B%BB%E8%A9%B1%E8%A9%A2%E5%95%8F/@24.9556504,121.238732,17z/data=!3m1!4b1!4m6!3m5!1s0x346823957cea9c11:0x1a82140f946d8dac!8m2!3d24.9556456!4d121.2413069!16s%2Fg%2F11vk0cwp59?authuser=0&entry=ttu&g_ep=EgoyMDI2MDUwNi4wIKXMDSoASAFQAw%3D%3D",週日～週四 3人同行送一盤shot，6人同行送兩盤shot……以此類推,飲料、酒,第一家以「室內沙灘」為主題的特色酒吧，主打城市裡的熱帶海島氛圍，讓客人在中原夜市鬧區中也能踩在細緻沙灘上享受微醺時光。
63,OAO.Coffee Bar,咖啡廳、酒吧,4.7,11:00-18:00,0930-111-370,新中北路488號,"https://www.google.com/maps/place/OAO.CoffeeBar/@24.9578985,121.2449218,17z/data=!4m15!1m8!3m7!1s0x346823001cdce97b:0x1034c0eb75ca27a2!2sOAO.CoffeeBar!8m2!3d24.9578193!4d121.2448387!10e9!16s%2Fg%2F11yjc4w5v3!3m5!1s0x346823001cdce97b:0x1034c0eb75ca27a2!8m2!3d24.9578193!4d121.2448387!16s%2Fg%2F11yjc4w5v3?authuser=0&entry=ttu&g_ep=EgoyMDI2MDUwNi4wIKXMDSoASAFQAw%3D%3D","義式咖啡、特調咖啡內用外帶 9 折
｜手沖咖啡內用折 30 元",飲料、酒,主打「日咖夜酒」雙模式，白天以精品咖啡和手沖單品迎接學子與上班族，晚上則化身為氛圍滿分的 Draft Cocktail Bar。
64,咖喱就好啦中原店,日式,4.4,"11:30-14:00, 17:00-20:00",0986-838-617,大仁二街39號1樓,"https://www.google.com/maps/place/%E5%92%96%E5%96%B1%E5%B0%B1%E5%A5%BD%E5%95%A6%E4%B8%AD%E5%8E%9F%E5%BA%97/@24.9550319,121.2398044,17z/data=!3m2!4b1!5s0x346822151d5e0019:0x8582c4931940bb84!4m6!3m5!1s0x3468237acd0afe7b:0x5e241169b2eceb7e!8m2!3d24.9550271!4d121.2423793!16s%2Fg%2F11tcmpqv0f?authuser=0&entry=ttu&g_ep=EgoyMDI2MDUwNi4wIKXMDSoASAFQAw%3D%3D","三人同行內用贈送薯條一份
| 四人同行內用贈送薯條兩份",豬排、咖哩、午餐、晚餐,以手炒香料製成大人味的濃郁系熟成黑咖喱和平實的價格，堅持手工熬煮醬汁，搭配嚴選食材，為顧客帶來一碗碗暖心又飽足的咖哩飯。
65,強尼兄弟健康廚房 中原店,台式,4.6,11:00-20:00,03-283-0823,弘揚路69號1樓,"https://www.google.com/maps/place/%E5%BC%B7%E5%B0%BC%E5%85%84%E5%BC%9F%E5%81%A5%E5%BA%B7%E5%BB%9A%E6%88%BF+%E4%B8%AD%E5%8E%9F%E5%BA%97/@24.9536242,121.2385398,17z/data=!3m1!4b1!4m6!3m5!1s0x346823b68c4953e9:0x570a986f748f460d!8m2!3d24.9536194!4d121.2411147!16s%2Fg%2F11wc4gwxlj?authuser=0&entry=ttu&g_ep=EgoyMDI2MDUwNi4wIKXMDSoASAFQAw%3D%3D",享折5元優惠,健康餐、盒飯、便當、午餐、晚餐,由營養師團隊設計低 GI、高纖且少油鹽的健康餐盒，提供黑米飯且可彈性「換菜」或「減量」，並清楚標示熱量，其中法式蒜香板腱牛排與泰式打拋豬最受歡迎，是健身族群與學生的熱門外帶與外送首選。
